id,tag
6,computer-vision
7,graph-learning
9,reinforcement-learning
15,graph-learning
25,graph-learning
27,graph-learning
28,graph-learning
29,graph-learning
45,computer-vision
61,computer-vision
65,computer-vision
67,computer-vision
73,computer-vision
77,computer-vision
78,computer-vision
81,graph-learning
85,natural-language-processing
89,mlops
91,computer-vision
92,computer-vision
98,computer-vision
99,natural-language-processing
101,natural-language-processing
108,natural-language-processing
109,computer-vision
112,computer-vision
115,computer-vision
116,computer-vision
117,computer-vision
118,computer-vision
120,reinforcement-learning
121,natural-language-processing
122,natural-language-processing
123,natural-language-processing
124,natural-language-processing
128,mlops
133,computer-vision
137,natural-language-processing
138,computer-vision
140,natural-language-processing
145,graph-learning
147,computer-vision
148,graph-learning
150,computer-vision
152,computer-vision
157,mlops
158,natural-language-processing
159,natural-language-processing
162,computer-vision
163,natural-language-processing
168,natural-language-processing
173,computer-vision
181,natural-language-processing
183,natural-language-processing
219,computer-vision
224,computer-vision
234,natural-language-processing
237,time-series
238,natural-language-processing
239,natural-language-processing
250,natural-language-processing
251,natural-language-processing
252,natural-language-processing
253,natural-language-processing
254,natural-language-processing
255,natural-language-processing
256,natural-language-processing
257,natural-language-processing
259,natural-language-processing
260,natural-language-processing
261,natural-language-processing
262,natural-language-processing
269,natural-language-processing
270,natural-language-processing
271,natural-language-processing
272,reinforcement-learning
273,computer-vision
277,reinforcement-learning
278,reinforcement-learning
279,natural-language-processing
280,reinforcement-learning
281,computer-vision
284,natural-language-processing
286,computer-vision
287,computer-vision
290,graph-learning
291,graph-learning
294,natural-language-processing
295,natural-language-processing
306,natural-language-processing
307,natural-language-processing
308,computer-vision
313,natural-language-processing
315,computer-vision
316,computer-vision
318,natural-language-processing
319,natural-language-processing
327,natural-language-processing
334,mlops
335,mlops
341,natural-language-processing
343,natural-language-processing
345,natural-language-processing
347,natural-language-processing
349,reinforcement-learning
364,reinforcement-learning
372,graph-learning
378,computer-vision
380,natural-language-processing
388,natural-language-processing
392,computer-vision
395,computer-vision
397,natural-language-processing
401,computer-vision
403,mlops
408,natural-language-processing
411,computer-vision
419,natural-language-processing
423,time-series
424,computer-vision
425,natural-language-processing
427,natural-language-processing
428,natural-language-processing
430,natural-language-processing
431,natural-language-processing
432,natural-language-processing
434,natural-language-processing
439,natural-language-processing
440,natural-language-processing
443,natural-language-processing
445,computer-vision
446,natural-language-processing
448,computer-vision
452,computer-vision
453,computer-vision
455,natural-language-processing
459,natural-language-processing
462,natural-language-processing
465,natural-language-processing
466,natural-language-processing
467,natural-language-processing
468,natural-language-processing
469,computer-vision
470,computer-vision
471,computer-vision
473,computer-vision
474,computer-vision
476,computer-vision
477,computer-vision
478,computer-vision
480,computer-vision
481,computer-vision
482,computer-vision
486,computer-vision
489,computer-vision
490,computer-vision
491,computer-vision
492,computer-vision
493,natural-language-processing
494,computer-vision
495,time-series
499,computer-vision
501,time-series
505,natural-language-processing
507,computer-vision
508,computer-vision
509,natural-language-processing
513,mlops
516,computer-vision
517,computer-vision
529,natural-language-processing
549,computer-vision
550,mlops
552,natural-language-processing
558,mlops
564,natural-language-processing
566,natural-language-processing
574,computer-vision
580,natural-language-processing
581,natural-language-processing
598,reinforcement-learning
599,computer-vision
601,computer-vision
602,computer-vision
605,natural-language-processing
608,natural-language-processing
619,graph-learning
621,reinforcement-learning
622,natural-language-processing
623,computer-vision
632,natural-language-processing
639,natural-language-processing
643,natural-language-processing
644,natural-language-processing
652,natural-language-processing
653,computer-vision
658,computer-vision
661,natural-language-processing
663,computer-vision
665,graph-learning
667,natural-language-processing
670,natural-language-processing
674,time-series
679,computer-vision
683,natural-language-processing
686,natural-language-processing
687,computer-vision
688,natural-language-processing
693,computer-vision
694,natural-language-processing
695,natural-language-processing
700,time-series
702,time-series
704,natural-language-processing
707,computer-vision
708,graph-learning
712,computer-vision
713,natural-language-processing
717,natural-language-processing
726,natural-language-processing
732,natural-language-processing
733,natural-language-processing
734,computer-vision
741,natural-language-processing
778,computer-vision
783,computer-vision
788,computer-vision
791,graph-learning
792,mlops
795,computer-vision
796,graph-learning
797,mlops
799,computer-vision
800,natural-language-processing
803,computer-vision
820,computer-vision
821,reinforcement-learning
822,natural-language-processing
825,computer-vision
826,graph-learning
828,natural-language-processing
829,computer-vision
831,natural-language-processing
832,natural-language-processing
833,natural-language-processing
835,computer-vision
836,natural-language-processing
840,natural-language-processing
841,natural-language-processing
842,natural-language-processing
847,reinforcement-learning
849,computer-vision
850,natural-language-processing
852,natural-language-processing
855,natural-language-processing
857,natural-language-processing
858,natural-language-processing
860,computer-vision
862,computer-vision
863,natural-language-processing
864,time-series
866,natural-language-processing
868,reinforcement-learning
869,natural-language-processing
875,natural-language-processing
877,computer-vision
879,reinforcement-learning
880,natural-language-processing
881,natural-language-processing
882,computer-vision
883,computer-vision
884,reinforcement-learning
890,natural-language-processing
892,natural-language-processing
893,natural-language-processing
894,natural-language-processing
900,natural-language-processing
901,computer-vision
902,natural-language-processing
903,reinforcement-learning
905,natural-language-processing
907,time-series
913,computer-vision
914,computer-vision
918,time-series
920,computer-vision
921,computer-vision
922,computer-vision
925,computer-vision
927,computer-vision
934,computer-vision
935,natural-language-processing
938,computer-vision
939,natural-language-processing
940,mlops
941,natural-language-processing
947,natural-language-processing
948,natural-language-processing
951,natural-language-processing
952,computer-vision
957,computer-vision
961,time-series
962,computer-vision
963,computer-vision
966,natural-language-processing
968,natural-language-processing
970,computer-vision
972,natural-language-processing
974,natural-language-processing
978,computer-vision
979,natural-language-processing
980,natural-language-processing
986,reinforcement-learning
987,computer-vision
989,computer-vision
993,natural-language-processing
997,natural-language-processing
1000,natural-language-processing
1007,natural-language-processing
1008,natural-language-processing
1009,natural-language-processing
1010,natural-language-processing
1013,natural-language-processing
1018,computer-vision
1020,natural-language-processing
1021,computer-vision
1022,natural-language-processing
1024,natural-language-processing
1025,natural-language-processing
1026,natural-language-processing
1028,computer-vision
1035,computer-vision
1045,computer-vision
1046,mlops
1055,computer-vision
1058,natural-language-processing
1059,natural-language-processing
1068,computer-vision
1069,computer-vision
1070,natural-language-processing
1075,natural-language-processing
1080,reinforcement-learning
1081,computer-vision
1083,mlops
1084,natural-language-processing
1093,natural-language-processing
1094,natural-language-processing
1100,time-series
1104,computer-vision
1107,natural-language-processing
1110,reinforcement-learning
1111,natural-language-processing
1112,natural-language-processing
1115,reinforcement-learning
1121,computer-vision
1122,reinforcement-learning
1130,natural-language-processing
1131,computer-vision
1132,natural-language-processing
1133,natural-language-processing
1135,natural-language-processing
1139,natural-language-processing
1145,natural-language-processing
1148,natural-language-processing
1151,natural-language-processing
1162,natural-language-processing
1165,computer-vision
1166,natural-language-processing
1176,computer-vision
1178,natural-language-processing
1180,computer-vision
1181,natural-language-processing
1185,computer-vision
1192,natural-language-processing
1194,natural-language-processing
1199,time-series
1202,natural-language-processing
1203,natural-language-processing
1204,computer-vision
1211,natural-language-processing
1215,natural-language-processing
1222,computer-vision
1223,computer-vision
1236,computer-vision
1237,natural-language-processing
1239,mlops
1241,reinforcement-learning
1243,natural-language-processing
1246,natural-language-processing
1249,computer-vision
1251,natural-language-processing
1255,natural-language-processing
1257,natural-language-processing
1258,natural-language-processing
1259,natural-language-processing
1260,reinforcement-learning
1272,natural-language-processing
1274,natural-language-processing
1275,computer-vision
1278,natural-language-processing
1287,computer-vision
1298,computer-vision
1301,reinforcement-learning
1309,time-series
1310,mlops
1312,computer-vision
1320,natural-language-processing
1325,computer-vision
1329,computer-vision
1371,computer-vision
1372,computer-vision
1374,computer-vision
1392,computer-vision
1398,time-series
1399,computer-vision
1418,reinforcement-learning
1423,computer-vision
1424,natural-language-processing
1425,computer-vision
1427,reinforcement-learning
1438,computer-vision
1453,natural-language-processing
1455,natural-language-processing
1457,natural-language-processing
1458,computer-vision
1460,computer-vision
1461,mlops
1473,computer-vision
1475,natural-language-processing
1476,computer-vision
1478,reinforcement-learning
1480,natural-language-processing
1482,natural-language-processing
1483,graph-learning
1491,natural-language-processing
1492,reinforcement-learning
1499,computer-vision
1502,computer-vision
1504,mlops
1505,computer-vision
1506,computer-vision
1519,computer-vision
1525,computer-vision
1528,computer-vision
1529,mlops
1539,graph-learning
1542,computer-vision
1546,natural-language-processing
1547,natural-language-processing
1549,natural-language-processing
1551,natural-language-processing
1552,mlops
1560,reinforcement-learning
1563,computer-vision
1569,computer-vision
1571,computer-vision
1575,reinforcement-learning
1576,natural-language-processing
1580,graph-learning
1581,natural-language-processing
1585,natural-language-processing
1587,natural-language-processing
1589,computer-vision
1592,graph-learning
1595,reinforcement-learning
1597,reinforcement-learning
1598,natural-language-processing
1599,computer-vision
1602,computer-vision
1603,natural-language-processing
1605,natural-language-processing
1606,computer-vision
1607,natural-language-processing
1608,natural-language-processing
1614,natural-language-processing
1615,time-series
1616,computer-vision
1617,natural-language-processing
1620,computer-vision
1622,natural-language-processing
1623,mlops
1629,computer-vision
1630,computer-vision
1636,natural-language-processing
1638,natural-language-processing
1639,reinforcement-learning
1644,natural-language-processing
1645,computer-vision
1646,reinforcement-learning
1648,mlops
1649,computer-vision
1650,reinforcement-learning
1651,time-series
1653,computer-vision
1657,natural-language-processing
1658,natural-language-processing
1662,natural-language-processing
1663,natural-language-processing
1664,computer-vision
1666,natural-language-processing
1668,computer-vision
1677,natural-language-processing
1678,natural-language-processing
1688,natural-language-processing
1691,mlops
1698,computer-vision
1699,graph-learning
1702,mlops
1704,computer-vision
1706,computer-vision
1710,computer-vision
1721,natural-language-processing
1722,natural-language-processing
1723,computer-vision
1724,computer-vision
1726,time-series
1728,time-series
1729,natural-language-processing
1730,natural-language-processing
1737,natural-language-processing
1748,natural-language-processing
1750,natural-language-processing
1753,mlops
1754,mlops
1755,mlops
1759,natural-language-processing
1767,computer-vision
1768,computer-vision
1769,computer-vision
1771,mlops
1772,computer-vision
1777,computer-vision
1792,computer-vision
1795,mlops
1796,computer-vision
1797,mlops
1800,computer-vision
1802,computer-vision
1803,computer-vision
1813,natural-language-processing
1817,natural-language-processing
1818,natural-language-processing
1819,computer-vision
1820,mlops
1831,computer-vision
1834,computer-vision
1836,natural-language-processing
1840,mlops
1843,natural-language-processing
1844,computer-vision
1845,computer-vision
1847,computer-vision
1848,computer-vision
1851,computer-vision
1855,mlops
1856,computer-vision
1859,computer-vision
1860,natural-language-processing
1865,natural-language-processing
1867,natural-language-processing
1868,computer-vision
1869,mlops
1871,computer-vision
1872,computer-vision
1879,natural-language-processing
1880,natural-language-processing
1882,natural-language-processing
1884,computer-vision
1886,natural-language-processing
1887,graph-learning
1889,mlops
1896,mlops
1898,computer-vision
1899,mlops
1900,natural-language-processing
1902,computer-vision
1903,computer-vision
1904,mlops
1910,computer-vision
1913,computer-vision
1914,natural-language-processing
1916,graph-learning
1918,natural-language-processing
1919,time-series
1921,computer-vision
1923,computer-vision
1924,natural-language-processing
1925,computer-vision
1927,computer-vision
1929,natural-language-processing
1933,computer-vision
1938,computer-vision
1940,computer-vision
1941,computer-vision
1943,computer-vision
1945,natural-language-processing
1952,natural-language-processing
1953,natural-language-processing
1954,mlops
1955,computer-vision
1965,computer-vision
1968,natural-language-processing
1971,computer-vision
1977,natural-language-processing
1978,mlops
1980,mlops
1983,computer-vision
1984,natural-language-processing
1985,natural-language-processing
1986,natural-language-processing
1992,mlops
1993,natural-language-processing
1994,natural-language-processing
1999,computer-vision
2002,computer-vision
2005,mlops
2006,computer-vision
2008,computer-vision
2009,computer-vision
2012,computer-vision
2013,natural-language-processing
2016,computer-vision
2020,computer-vision
2022,natural-language-processing
2024,time-series
2026,mlops
2027,mlops
2030,mlops
2031,reinforcement-learning
2032,time-series
2033,mlops
2035,natural-language-processing
2038,computer-vision
2039,natural-language-processing
2042,natural-language-processing
2043,computer-vision
2045,natural-language-processing
2047,computer-vision
2048,natural-language-processing
2051,computer-vision
2053,computer-vision
2054,natural-language-processing
2057,natural-language-processing
2061,natural-language-processing
2062,natural-language-processing
2098,mlops
2100,mlops
2106,graph-learning
2109,computer-vision
2111,computer-vision
2112,computer-vision
2113,computer-vision
2114,natural-language-processing
2116,computer-vision
2117,natural-language-processing
2121,natural-language-processing
2124,reinforcement-learning
2135,computer-vision
2136,computer-vision
2138,graph-learning
2141,natural-language-processing
2147,natural-language-processing
2148,reinforcement-learning
2151,natural-language-processing
2155,graph-learning
2159,computer-vision
2163,computer-vision
2164,natural-language-processing
2166,reinforcement-learning
2167,mlops
2168,natural-language-processing
2173,natural-language-processing
2185,natural-language-processing
2188,natural-language-processing
2193,reinforcement-learning
2202,natural-language-processing
2203,mlops
2204,natural-language-processing
2207,mlops
2214,computer-vision
2215,mlops
2218,graph-learning
2220,natural-language-processing
2223,graph-learning
2226,computer-vision
2235,time-series
2238,computer-vision
2239,computer-vision
2242,natural-language-processing
2245,computer-vision
2247,computer-vision
2251,natural-language-processing
2252,time-series
2255,computer-vision
2258,computer-vision
2259,computer-vision
2260,computer-vision
2263,natural-language-processing
2264,graph-learning
2267,computer-vision
2268,computer-vision
2269
2273,natural-language-processing
2275,computer-vision
2280,mlops
2283,reinforcement-learning
2284,graph-learning
2285,time-series
2287,mlops
2290,computer-vision
2294,computer-vision
2295,mlops
2296,computer-vision
2298,natural-language-processing
2299,mlops
2300,mlops
2304,reinforcement-learning
2317,computer-vision
2318,mlops
2319,time-series
2325,reinforcement-learning
2326,computer-vision
2327,natural-language-processing
2328,computer-vision
2332,natural-language-processing
2341,natural-language-processing
2342,natural-language-processing
2344,computer-vision
2345,reinforcement-learning
2348,computer-vision
2351,
2353,
2356,
2357,
2360,
2368,
2369,
2371,
2372,
2373,
2384,
2387,
2388,
2389,
2395,
2396,
2397,
2402,
2404,
2410,
2411,
2412,
2415,
2417,
2418,
2419,
2422,
2423,
2430,
2431,
2432,
2434,
2436
2437,